Name,Tag Name,Description
DeFi Pulse ğŸ‡,defipulse,The leaderboard of #DeFi. Our mission: Establish standards that the DeFi community can stand behind. Chat: https://t.co/BQKUfWMoxJ Subscribe: https://t.co/uGsMplLe7Y
DefiLlama.com,DefiLlama,"Open and transparent DeFi TVL and analytics.

DeFi Updates: https://t.co/aaN9I6wbcL | Join the community: https://t.co/IIf3mE8UU2"
DeFi Dad âŸ  defidad.eth,DeFi_Dad,"âŸ  DeFi super-user / educator ğŸ’« Partner at @4RCapital ğŸ—ï¸ Advisor to @Zapper_fi, @epnsproject, @defiantnews, @definft, @real_alethea, No paid tweets or content."
The DeFi Edge ğŸ—¡ï¸,thedefiedge,"Breaking down how you can become a more profitable DeFi investor. Follow me for the latest trends, learnings, & frameworks. Sign up at https://t.co/HKdwzvmTVy"
DeFi Airdrops ğŸ¦‡ğŸ”Š,defi_airdrops,"Never miss any DeFi airdrop again! by @cryptotesters 

Alert channel: https://t.co/MqlZVQPH1Râ€¦"
DeFi Info,AboutDefi,"All things DeFi related. DEXs, Wallets, Lending, Derivatives, Asset management, Oracle, Insurance. @Huobiglobal DeFi partner"
Kris Kay | ğŸ© DeFi Donut,thekriskay,"Onboarding the ğŸŒ to DeFi | 18,000+ students ğŸ‘¨â€ğŸ“ | Metaverse Lurker | Investor not trader | ğŸ¥ DeFi https://t.co/brZUDrACB2 | @PoolTogether_ Ambassador  ğŸ†"
DEFI FRENS (PUBLIC SALE PAUSED),defi_frens,"Collection of 5,555 fully animated DeFi Frens living in a DeFi world! https://t.co/3IAB1vJiCv - Minting paused!"
humble defi farmer ğŸ”º,PaikCapital,defi analyst / crypto trader || @rokcapital @soundmintxyz @vanna_labs || ex @coinbase
Krystal DeFi,KrystalDefi,"ğŸ† Multi-Chain DeFi & NFT Management Platform
ğŸ“ https://t.co/Vm2e8ww0HY

ğŸš€ KrystalGO: IDO/INO Launchpad
ğŸ“ https://t.co/OsQFn2UGmL

ğŸ—£ https://t.co/qmjZB7YBS7"
Karura - DeFi Hub of Kusama,KaruraNetwork,The DeFi hub of @KusamaNetwork. Sister network of @AcalaNetwork. Hiring: https://t.co/jKKYffO85G | $250M aUSD Ecosystem Fund: https://t.co/guWqClVanB
è²Œè²Œå¸å­¦(NFT DEFI P2E BTC é“¾æ¸¸ ç©ºæŠ• ç™½åå• æŒ–çŸ¿web3.0 å¸åœˆè‰¯å¿ƒå…ƒå®‡å®™ ),maomaobixue,"ä¼šå‘˜è¯¾:åŒºå—é“¾åŸºç¡€é€šè¯† å¸åœˆåº•å±‚é€»è¾‘ ä¸ä¿èµšå¤§é’± ä¿å°‘äºå¾ˆå¤šé’± Defi  é‡‘èæ¨¡å‹åˆ°é’±åŒ…ç®¡ç† å…ƒå®‡å®™NFT  å®æ“+æ•™å­¦ å¸åœˆå®ç”¨å·¥å…· ç©ºæŠ• ä¼˜ç§€æ–‡ç«  è´¢å¯Œå¯†ç  é¡¹ç›®ç ”åˆ¤ å¯¹å°ç™½å¾ˆå‹å¥½ å¿«é€Ÿç†Ÿæ‚‰å¸åœˆ è²Œè²ŒåŠ©æ•™1å¯¹1é—®é¢˜è€å¿ƒè§£ç­” 
ä¼šå‘˜è¯¾,åˆä½œå’¨è¯¢é£æœº:@ciyiyimin"
DeFi Explained,DefiExplained,"Explaining DeFi to the masses. Follow my youtube channel at https://t.co/RyES8ESBRZ
Telegram: @DeFi_Explained
Instagram: @defiexplained
TikTok:@defi_explained"
DeFi Sniper,DefiSniper,"We tweet when important trades happen in DeFi protocols. Currently monitoring Ethereum and AVAX protocols.

Maintained by @XypherIO and @Hastatus11"
Cheesus DeFi & NFT Rating Tool,CheesusDeFi,"Cheesus - a multichain DeFi analytical tool that helps you find real gems without getting caught in any mousetraps.
Join https://t.co/U2zyHgobuC"
DeFi Saver,DeFiSaver,"Advanced DeFi management.

Blog: https://t.co/LDCfQC6i1B
Discord: https://t.co/xkSTMUoSbi"
TheDefiJedi.SOL.ETH,TheDefiJedi,"Obviously not a financial advisor, just a Defi Degen Jedi ğŸ¦§

#SpacesHost #AMA's and #Giveaways ğŸ’¸

Buyer of #NFTsğŸ–¼ï¸ - Smoker ofğŸ€Weed - Seeker of Alpha ğŸ”­"
DeFi | NFTs Crypto BossğŸ’¥,GibsoonCorp,"|Crypto Educator
|BuidLing DeFi 2.0
|#Bitcoin supporter
|Gibs.eth
|NFTs
|#BSc
|DYOR
|Fintech Man
|Advisor
|Trader
|Writer
|Former CMO to Several Crypto Projects"
Penguin Finance ğŸ§ğŸ”º,penguin_defi,"ğŸ§ Gamified DeFi Hub | Play, Earn, Launch and Collect ğŸ† 

Minting NFTs @CryptoPuffies: https://t.co/Id0Fu0Aba4 

Peng to earn coming soon!"
DeFi Warrior,DeFiWarriorGame,"DEFI x NFT
THE FIRST CRYPTO CHARACTER & CRYPTO GALAXY GAME.
Telegram: https://t.co/GsZ6R1QVAdâ€¦
Discord: https://t.co/wqYYzKw20w"
Moonwell DeFi,MoonwellDeFi,An open lending and borrowing DeFi protocol built on Moonbeam & Moonriver https://t.co/7FIV1lGZ4n
CyberFi - Intelligent DeFi Automation Platform,cyberfi_tech,Automate and conquer. (c) Building the DeFi 2.0 Automation Layer
Today in DeFi,todayindefi,"Fresh DeFi News Daily

Frontrun the herd"
Francium,Francium_Defi,"Earn through DeFi Strategy. 

- Backed by Solana + Serum
- Solana Hackathon Winner

Links: https://t.co/sAAM3fafx7
Discord: https://t.co/XWhmSj9pq3"
Defi Tribe,Defi_Tribe,"ğŸŒº Welcome to Defi Tribe, â–ªï¸We promote Crypto related projects like Metaverse, Defi and others.â–ªï¸We also make Airdrop Bot. âš“ Telegram : https://t.co/ImIBTrgs5n"
DeFi Education Fund,fund_defi,We do policy and advocacy work to help DeFi flourish. DEF.eth  https://t.co/0QCpN3bCWR
Quarry ğŸ’ DeFi Mining on Solana,QuarryProtocol,"The easiest place to discover, launch, and farm DeFi liquidity mines on Solana."
Crypto Nemo | NFT & Defi Promoter,Crypto_NemoBTC,NFT's & Defi | Crypto Promoter & Influencer ğŸš€| Turn ğŸ”” ON | Finding new gems ğŸ’ & Selling out Projects ğŸ’°ğŸŒ | DM for Enquiries ğŸ“¬ğŸ€ | 100% ORGANIC â™»ï¸
DeFi Wizard ğŸ§™,defi_wizard,"DeFi Wizard provides Smart Contracts as a Service such as LP staking, Bi-Directional Bridges, Vesting Contracts, Token Claiming Dashboards etc on MultiChains!"
DefiDollar Finance,defidollar,"DefiDollar is a Multichain DeFi Protocol Lab! Products include Stablecoin Index - $DUSD, Interest-bearing bitcoin $ibBTC and Opeth Finance."
DeSpace,DeSpaceDefi,"DeSpace, $DES is cross-chain multi-platform DeFi & NFT aggregator, powered by our own blockchain DeChain, which makes interoperability possible! ğŸš€"
DEFI TIMES,defitimes,Teaching you about Cosmos DeFi
Cardano DeFi Alliance,CardanoDeFiCDA,Leading Plutus DeFi Protocols Join Forces to Establish the Cardano DeFi Alliance
Neo,neo_defi,Founder of @starlay_fi @kagla_fi @muuu_fi and more / DeFi Developer / NeoTokyoPunks#22
DeFi Mark,MoonMark_,Full Time Freelance Solidity Developer + DeFi Consultant | XUSD Founder | Contact Me: mark@dappd.net
Rebel Defi ğŸ•µï¸âš›ï¸ğŸŒ–ğŸ§ªâš¡ï¸,rebel_defi,Web 3.0 Content Creator | Regular DeFi tutorials | @orbital_command Community & Education | Discord https://t.co/2EAAfWU4EK
DefiSnap,defisnap,One dashboard for all your DeFi Investments.
Pollen DeFi ğŸ”º,PollenDeFi,"Pollen DeFi is a first of its kind decentralized, next-gen index platform. 

Join the $PLN hive-mind: https://t.co/zl9DM2fzZV"
GhostDefi,defi_ghost,"Father, Entrepreneur, DEFI Enthusiast,NFT Collector and Marketing ProğŸ‡³ğŸ‡¬ğŸ‡¹ğŸ‡´ Founder of @BoredDealerNFT #HEX #BTC #ETH #FTM #Pulsechain Cannabis Advocate ğŸğŸ’¨"
DeFi News Timeline,DeFiNewsTime,DeFi News Timeline is the best to give you what is in vogue on the blockchain..
DeFi Summit by DCENTRAL,Defi_Summit,"Join Crypto Bazel Conference. DeFi & NFTs
Nov 30th & Dec 1st, 2021 at the Miami Airport Convention Center.
3 Stages, 2 Days, 1 NFT Gallery."
"Waterfall DeFi (ğŸ’¦, ğŸ’¦)",Waterfalldefi,"Bringing true risk tranching to DeFi on #BNBChain and #AVAX
Join the $WTF community: https://t.co/OXiCC8AdGN | https://t.co/NXGBoiAWoP"
MOR by Growth DeFi,GrowthDefi,"DeFi borrow/leveraged yield protocol, self-repaying loans, derivatives, & options trading. On AVAX, FTM, and BSC.
$MOR $GRO
https://t.co/15UbzwOV1R
https://t.co/IB1j9Ew2Ym"
DeFi Trader,TraderDefi,Click the link to join my free DeFi Trader Academy Discord: https://t.co/6KVuAkxtF3â€¦
Zeus,DefiZeus,"Gambler, Investor, Trader, DeFi ğŸš¨ DM FOR INQUIRIES ğŸ“¨ Not financial advice, DYOR!"
Oh! Finance ğŸ”º,OhFinanceDefi,Earn More with your DeFi Dollars! Telegram: https://t.co/LOBHJo3rby
Lighthouse Defi,LighthouseDefi,"Liquidations and savings are all at your fingertips, with no hidden strings and fees attached.

Make Lighthouse Your Defi Home!"
Magic DeFi Calls ğŸª„,MagicDeFiCalls,Crypto enthusiast since 2017 ğŸš€ â€¢ Gem Finder & DeFi lover â€¢ DM for marketing campaign ğŸ“©  WGMI.   #AVAX #BNB #SOLANA #ETH #NFT
NUT.defi,NutDefi,A Crunchy DeFi Protocol. #HuobiEcoChain #HT #HECO #Houbi
ETH ZÃ¼rich,ETH,"Dies ist der offizielle deutsche Twitter-Kanal der ETH ZÃ¼rich. Hier lesen Sie das Neuste aus Wissenschaft, Technologie & Lehre. 
English account: @eth_en"
ETH Zurich,ETH_en,"This is the official Twitter account of ETH Zurich in English. Stay tuned for the latest news on research, technology and education. Deutscher Account: @eth"
ETH-Bibliothek,ETHBibliothek,Die ETH-Bibliothek ist der zentrale Wissenshub der ETH ZÃ¼rich und die grÃ¶sste Ã¶ffentliche naturwissenschaftliche und technische Bibliothek der Schweiz.
Eth 2.0 Deposit Contract - Progress Meter Bot,DepositEth,"A daily tweet bot to track the progress of ETH 2.0 deposits against the goal of 524,288 to launch the ETH 2.0 beacon chain."
MyCrypto.eth ğŸ¦ŠğŸ’™,MyCrypto,"MyCrypto makes managing your crypto easy. Create wallets, manage your assets, and more. Supports ETH + ERC20 tokens.

ğŸ¦ŠğŸ’™"
âŸ  toast.eth ğŸ¦„,intocryptoast,"Eth/DeFi/NFT OG | Punk #4544
Eth phase 0 depositor/validator
Compounding gains. Accumulating for a decentralised future
@dcv_capital | toast.lens"
DeanSteiner.eth,DeanSteinerNFT,NFT INFLUENCER | NFT COLLECTOR ğŸ˜‡ | DM me for promotion ğŸ“¥ Eth wallet domain: deansteiner.eth #Ethereum
ÎxitLiquidity // 454.eth,exitliquidity1,#BAYC 367 - #JustBricks 376 - buncha other jpegs - fatnutz.eth // yux.eth // 8x #10kclub ENS  â€” bought ETH at $11
Owner of a 1000 ETH Castle ğŸ°ğŸ‘‘,NFTgems,"Owner of 1/500 @realms_of_ether castles. 
Castle Price Forecast
2021: 5 ETH
2022: 100 ETH
2023: 1000 ETH"
Skorge.eth,SkorgeSp33d,"NFTs, Crypto, Alpha Calls, ETH Maxi."
elti.eth âš¡ï¸,Elti_Art,"non award-winner visual artist âœ¨ fine collector sometimes ğŸ¤Œ 
âŸ  eth maxi @crypt_gallery artist"
Ethereum,ethereum,"Open source platform to write and distribute decentralized applications.

Official account of the Ethereum Foundation"
Ethereum Classic,eth_classic,Latest News and Information from Ethereum Classic (ETC). A crypto-currency with smart contracts which respects immutability and neutrality.
ethereum.org,ethdotorg,"The portal to Ethereum, built for our growing global community. Looking for the Ethereum Foundation? ğŸ‘‰ @ethereum"
EthCC - Ethereum Community Conference,EthCC,Largest Annual European Ethereum Gathering: https://t.co/9jXqIuLXYy organised by @Ethereum_France
Injective ğŸ¥· | Cosmos IBC | Ethereum compatible,InjectiveLabs,The blockchain built for finance // Launch IBC & Ethereum compatible DeFi apps with instant finality // https://t.co/fIk92amYUT // https://t.co/LWg8hIPfqt
PulseChain.com Ethereum fork including ERC20s,PulsechainCom,"Energy efficient, Faster, cheaper, fee-burning Ethereum fork. https://t.co/Orki1B8nk7, https://t.co/3InWjziUC2, https://t.co/zrUudOipS7"
Ethereum France,Ethereum_France,Compte twitter officiel de l'association Ethereum France. Tout sur #Ethereum en franÃ§ais depuis 2016. Organise @EthCC
Enterprise Ethereum Alliance,EntEthAlliance,A member-led industry organization enabling global blockchain leaders to adopt and use Ethereum technology in their day-to-day business operations.
ETH Silicon Valley,EthereumSV,Building community around Ethereum and smart contracts in Silicon Valley.
Ethereum Towers | Ethereum Worlds,EthereumTowers,"Building a community-centric, vertical Metaverse consisting of 4,388 resident-owned apts and communal areas, set in our forthcoming Ethereum Worlds Metaverse."
Ethereum Cat Herders,EthCatHerders,Decentralizing Ethereum project management. Our aim is to bring the minimum amount of order that chaos needs to move Ethereum forward.
Ethereum Report,ethereumreport,Reporting all things Ethereum
Ethereum Classic Labs,etclabs,ETC Labs is dedicated to accelerating the development of Ethereum Classic and supporting blockchain startups.
Expensive Ethereum Transactions,HighGwei,Tweet space for sale! Spend 5 ETH on Ethereum mainnet transaction fee and you'll show up here
Remix Project,EthereumRemix,"A ""no-setup"" browser and desktop app to develop and learn Ethereum smart contracts. Our dev tools for wider use include Remix Plugin Engine & Remix Libraries."
Ethereum London,ETHLDN,"Ethereum London community with over 8,500 members. Dabble in dapps & get nabb'n NFT's! Meetup: https://t.co/1TbPOMY717"
ethereumpools.info ğŸ“Œ@EthBarcelona,EthereumPools,We ğŸ“‰ monitor and ğŸš¨ alert on Ethereum 2.0 well-known pools. No ğŸ‘ single ğŸ‘ #eth2 staking pool ğŸ‘ will ğŸ‘ be ğŸ‘ offline ğŸ‘ without ğŸ‘ us ğŸ‘ noticing. DMs open.
Blockchain for Social Impact | BSIC.eth,ethereum4impact,Join the Ethereum community dedicating their talent and work to solving worldâ€™s most pressing problems. #bsic #blockchain #ethereum4impact Decentralized Impact
Ethereum Italia,ethereumita,Official Italian Ethereum Hub - Smart Contracts & Blockchains https://t.co/lY0sSXqN4p - Facebook https://t.co/ayNi5GWxjV. Contacts @LeonPedretti @jacoped
Ethereum News,News_ETH,"Ethereum News by @DefiDirect 
- @news_of_bsc + @SolanaNews + @news_avax + more

Ethereum & DeFi Latest News, Features & Analysis"
EthereumDevIO,ethereumdevio,"The complete guide to develop on the Ethereum blockchain. Learn and stay updated about Solidity and smart contract programming
ğŸ‘‰ https://t.co/r6hoVyNhzp"
Byte-Sized Ethereum,ByteSizedEth,A podcast where we make learning about Ethereum accessible for everyone. Hosted by @alexandravbotez and Ethereum developer @topherbenson
ETHEREUM 2.0 PARTY,ETH_PARTY,"âœ¨ New Ethereum 2.0 Party

ğŸ Get Free $ETH below"
Ethereum ETL,EthereumETL,Facilitating data science on Ethereum data.  Donate here https://t.co/IKy3ymZo8r
Taipei Ethereum,eth_taipei,Taipei Ethereum Meetup ğŸ¦„ Started in 2016 #Crosslink19 Last event: ZK Day; Next event: 4/11 Mon 7pm The Merge ä»¥å¤ªåŠåˆä½µ & å¤šé …å¼è­‰æ˜çš„æ‹†è§£
Brandon | Ethereum Towers,0xBrandon_,Co-Founder of @Ethereumtowers & Ethereum Worlds #Metaverse. âœ¨
ethOS,EthereumPhone,Web3 needs the ÎPhone. ethOS is the world's first Ethereum mobile operating system. Join us! ethereumphone.eth https://t.co/zl5tAahEa6
Bitcoin and Ethereum Alerts,Price_Alerts,Real-time alerts for bitcoin and ethereum prices
Ethereum Price,EthereumPrice_,Ethereum Price & Technical analysis. ÎTH Live.
Danielle Conner,MrsEthereum,Ethereum artist. DM for custom pieces.
Ethereum Classic Netherlands,etcnetherlands,Ethereum Classic is een voortzetting van de originele Ethereum blockchain â€“ de klassieke versie die de ongerepte geschiedenis behoudt.
Ethereum Towers Social Hour,EthTowersSocial,"Building a community-centric, vertical Metaverse consisting of 4,388 resident-owned apts and communal areas, set in our forthcoming Ethereum Worlds Metaverse."
Ethereum UAE,Ethereum_UAE,Latest news and updates for Ethereum in UAE and around the world. Join us at our meetup !
Ethereum Classic Vietnam ğŸ‡»ğŸ‡³ --oppose-dao-fork,ETCVietNam,"#EthereumClassic is the original Ethereum and truly #Decentralized blockchain. We're building $ETC Community all over the world, TOGETHER âœŠ"
Ethereum 2.0 ğŸ¦‡ğŸ”Š,eth2,"Ethereum 2.0 - $ETH 
Supraoracles - $SUPRA
Red Belly Blockchain -"
Chicago Ethereum Meetup (ethchicago.eth),ChicagoEthereum,â™¦ï¸â™¦ï¸â™¦ï¸â™¦ï¸ For anyone in Chicagoland interested in Ethereum // Started in 2015 // Discord chat: https://t.co/7LQlBCtL4V
Ethereum Trust Alliance,ethtrustorg,A global coalition of professional security organizations brought together to increase trust in the Ethereum ecosystem. #TrustEthereum
Ethereum Dev Barcelona Meetup,ethdevbcn,Ethereum developers meetup. Organized by @adria0
Berlin Ethereum Meetup,BerlinMeetup,"Good company, the latest news and updates about Ethereum from devs. 
The event is targeted at decentralized tech enthusiasts, philosophers and developers alike."
Ethereum Classic ESP,ethclassicesp,Comunidad Ethereum Classic en espaÃ±ol
Ethereum Yield (ETHY),EthereumYield,Ethereum Stake (ETHYS) Liquidity Providing Event (pre-sale) join https://t.co/PSjb5RE7iZ (07 December listing on UniSwap)
Mothers of Ethereum,MothersEthereum,"Inaugural Mothers of Ethereum NFT Exhibition * Tonight 5pm EST * Stellabelle's Gallery, Cryptovoxels"
Ethereum Insider,InsiderEthereum,Tune in for all the latest Ethereum and Crypto news!
OnEthereum,on_ethereum,"Ethereum ecosystem news. 
Curated in real-time by William Mougayar. https://t.co/dZcHkHlcPa 
Sign-up for the daily email."
Ethereum Los Angeles,EthereumLA,A diverse community focused on supporting the Ethereum ecosystem.
Ethereum TGU,EthereumTGU,"Comunidad de Ethereum en Tegucigalpa, Honduras. Aprende con nosotros sobre blockchain, Ethereum, DeFi, NFTs y mÃ¡s uniendote a discord https://t.co/DwY5PkxF01"
Solana Status,SolanaStatus,"Status updates for the Solana network, the Solana website, and the Solana Explorer. Follow @solana for daily announcements. Run by the Solana Foundation."
Solana Sensei,SolanaSensei,NFT Collector | Solana OG | God Mode Unlocked #solana $SOL #DAA
Solana Testnet Status,SolanaTestnet,"Status updates for the Solana testnet network. Follow @solana for daily announcements, and @SolanaDevnet for devnet updates. Run by the Solana Foundation."
Step Finance | Solana's Portfolio Dashboard,StepFinance_,The @Solana Portfolio and Data Insights Dashboard. AKA... The Front Page of Solana https://t.co/pIgx4J60BP @StepDataInsight data newsletter
Sâ—L mates â˜€ï¸,Solana_Mates,"Follow us for Solana Ecosystem News and Updates.

Infographics. Tweeting about Solana and SOLmates.

#ProofofHistory @solana $SOL"
Solana Foundation,SolanaFndn,"Solana Foundation is a non-profit organization dedicated to the decentralization, growth, and security of the Solana network. RTs and likes are not endorsements"
Hyperspace | Solana NFT Marketplace & Aggregator,hyperspacexyz,"Solana NFT Bodega || NFT Marketplace, Aggregator, Launchpad, Portfolio Tracker, Realtime Floors ğŸ‘€ For More Alpha: https://t.co/E8Rxgaw1mr"
Solana Labs,solanalabs,"Solana Labs builds products, tools, and reference implementations to further expand the Solana ecosystem."
Solana News â˜€ï¸,SolanaNews,"Solana & DeFi Latest News, Features & Analysis"
Solana Insiders ğŸ¦â˜€ï¸,SolanaInsiders,"A research team dedicated to the Solana ecosystem ğŸ§µ 

DMs are open ğŸ“¨

Join the Solana insiders community: https://t.co/his1GR2HGf"
Solana Mobile,solanamobile,Itâ€™s time for web3â€™s next chapter ğŸ“± Solana Mobile Stack and Saga coming early 2023. Start building now!
News Solana,NewsSolana,Daily #Solana Updates I Info about new projects on Solana IDms open for Solana based Projects :)I $Sol
Solana Zone â˜…,Zone_Solana,"Zone for Solana projects
Contact for PR / business (telegram): @NewsCoinZone_Ad

@NewsCoinZone_Ad3"
Barndog,Barndog_Solana,"I used to drive Cranes for a job, then I found and fell in love with Solana Gaming

Proud Australian Ambassador of STEPN

Grape Protocol Content Creator"
SolSocks,SocksOnSolana,500 socks deep in the solana metaverse. Available on ME â¡ï¸ https://t.co/uAsJDHjFvC â¡ï¸ Discord https://t.co/2fACcF8sXf
Wazza - SolanaFloor,cryptowazza,Creator @SolanaFloor (2nd place 2021 Solana Ignition Hackathon) and Shi Guardians ğŸ’ OG @MonkeDAO member
Glow - Solana Wallet,glowwallet,Your new favorite solana wallet. Download â†’ https://t.co/wFV8C6QlPU
Solana Yacht Club,SolanaYC,BAYC sub community managed by BAYC holders on Solana | Co-founders: @ca0928 and @gmishra | Not affiliated with @boredapeYC or any Solana project. DMs are open.
Solana Cookbook,SolanaCookbook,"The Solana Cookbook is a developer resource that provides the essential concepts and recipes for building applications on Solana.

https://t.co/vyh8JL1pg7"
â˜€ï¸ Solana Community Blog â˜€ï¸,solanablog,Unofficial Solana Community Blog
solana nfter,solananfter,Co-founder Solana // NFT collector ğŸ³ // dm me for promo
Solana Developers,solana_devs,"Glass â€” it's what devs crave. News, updates, content, code and job opportunities for Solana developers ğŸ§‘ğŸ½â€ğŸ’»"
Solana Games,solanagames_gg,Home for gamers + game builders on Solana
Solana xNFT guy ğŸ”‹,SolanaNFTGuy,"Buy Solana NFTs, hold for ages. retire ğŸ¤
/// 
SMB On loan ///
Thug #3111 ///
Degen #5374 ///
Aurorian #8732 /// 
solananftguy.sol"
Solana Airdrop Aggregator,SOLAggregator,NOT financial advice/official Solana team. Airdrops NOT audited. Ape at own risk. Burner wallet 6HXMnkW3FVNyJzc3xuqSfAfXddr3K56gVbJsX6r8cMmV
SolsWatch | Solana NFT Insights & Charts,SolsWatch,"Solana NFT Insights & Charts â€¢ Floor Alerts

Top daily volume - https://t.co/iPq8Uwn0TE
Floor movers - https://t.co/By8jyI393dâ€¦
Discord - https://t.co/QRQslsBi7X"
Solana,SolanaMusica,"Solana is a five-piece who perform original compositions encompassing folk idioms, modal jazz and experimental grooves."
Solana Bananas ğŸŒ,SolanaBananas,"1500 fruity, uniquely generated Banana NFTs ğŸŒ OG Solana project building games and experiences for primates across the ecosystem. Banana Land coming soon ğŸ¢"
$CATO,SolanaCATO,"$CATO Predictions Marketplace & OG Solana Meme âœ¨ 
â€¢ Website : https://t.co/nP5qHvTGRl
â€¢ Telegram : https://t.co/dctmxg7wbL
â€¢ Discord : Private"
SoL NFT Mint Scan ğŸ‘¾ ğŸ•¹,MintSolana,"Daily updates on NFT Mint happening across Solana Network
Giveaways =/= Endorsement

#SOLANA #NFT #NFTS"
Solana Airdrop InvestigatorğŸ”†,SOLinvestigator,"Solana Fan Boy.

ğŸ‰Solana AirdropğŸ‰

DM me to sponsor a Giveway.

#SOL #SOLANA #AIRDROP #AIRDROPS"
Solana Slugs,SolSlugsNFT,"8,459 Slugs on the Solana Blockchain | FREE MINT - SOLD OUT | Buy us on Magic Eden: https://t.co/9czceaPt6P ğŸŒğŸš€ğŸ”¥ Discord: https://t.co/sEMlHXbNOj"
Lava Cash (Solana + Privacy),lava_cash,A decentralized privacy preservation protocol built for the Solana blockchain. https://t.co/Exlw4Aken0
Magic Solana Sh*t | LIT SH*T,magicsolanashit,"WELCOME TO THE SHITSHOW! | Magic Solana Shits are 6969 uniquely generated #Solana NFTs. Total supply: 5,165. Just ART."
Club Sol de AmÃ©rica,SoldeAmericapy,"Cuenta oficial del Club Sol de AmÃ©rica, administrada por el Departamento de Prensa.      â˜   (021) 370 712"
USC Price School,USCPrice,USC Sol Price School of Public Policy -- shaping the world since 1929. Our mission is to improve the quality of life for people and their communities.
Sol Beer US,SolBeerUS,"Only for 21+. Don't share w/ under 21. Drink Responsibly. Imported by Cerveza Sol Imports, Ft.Worth, TX. PRIV:https://t.co/KfLPjXDQXM T&C:https://t.co/nlJx8PedPo."
ğŸŒ Sol Brah ğŸŒ,SolBrah,"VITAL LIVING - Enter Sol Club: https://t.co/PQbHSbXi6E

My supplements: https://t.co/zgkFOzNLgd
Apparel: https://t.co/1gv92Z5TFf 
IG: realsolbrah 
TG: https://t.co/2I8W1rTEGs

More: https://t.co/17lFgRIYEi"
xWEB3 bigdaddydegen.sol,daddydegennft,"ETH/SOL dev, experienced nft project advisor

double your sol on
https://t.co/291AW0GspZ"
SolğŸ¬,Solmemes1,"Sol of the House MAGAryean, 1st of Her Name, Queen of Memeem, Kekleesi of the Great Twitter, Lady Regent of the 7 Memedoms, Breaker of Karens & Memer of Libs"
ArlieShaban.sol 33.3% ğŸŸ ,ArlieShaban,@PokerStars Team Pro Online | SOL NFTs | Twitch Partner | A Man of the People | BBCAN2 Contestant |
Team SOL,TeamSolHQ,Official Page for Team SOL - #findyoursol
Sol Plaatje Univ.,MySPU,Official Twitter Account of Sol Plaatje University
Moon Roll | x14 your SOL,MoonRollNFT,x14 your SOL now on https://t.co/8BKu2bFX0J - Deposit #Solana or NFTs to play! by @SenzokuNFT
PattyIce.sol(33.3%) â˜¢ï¸ ğŸ§Š ğŸ§Ÿâ€â™€ï¸,patty_fi,Professional marketing and promoting ğŸš€- ğŸ“© DM for inquiries - Advisor for @dark_warlocks - SOL NFT's - Not financial advice - DeGods since mint - King DegenğŸ¤´
Sol Neelman,solneelman,"Sol Neelman is a failed pro wrestler turned sports photographer about to publish his third photo book, ""More Weird Sports."" (Kehrer Verlag, 2022)"
Contrastive | SOL Stone - SOLD OUT,ContrastiveNFT,"SOL Stone - Create Variants of your Solana NFTs using the Contrastive AI

https://t.co/bNYIREgcRn"
Liffi Wongso ğ“ƒ  XTZ.SOLğŸ’™ğ“†ƒ,Liffi_Wongso,XTZ & SOL Dwellers https://t.co/h8GGRu43W3 | Hice & OpenSea https://t.co/fNUa1Scc0k
Valle del Sol,ValledelSolAZ,"Valle del Sol provides healthcare, human services, & leadership development programs to help people meet their needs."
Avax News ğŸ”º,Avax_News,"#Avalanche Ecosystem, News & Analysis of Projects in the Ecosystem on Avax News. Avalanche News and Update! || #NFT #DeFi #GameFi ğŸ® #AVAX ||"
WhaleStatsAVAX - BabyWhale ($BBW),WhaleStatsAVAX,"What are the richest AVAX whales buying & selling? Follow along!

https://t.co/Xh7uMqYytY

An @whalestats production."
Avax NFTs ğŸ”º,AvaxNFTs,"Avax NFTs, Destination for all Avalanche NFT Alpha

Support Us: @AvaxMachina
Join Us: https://t.co/ksMb8Rv94x
NFT Mint Calendar: https://t.co/Egovz42aYk"
"Avax Podcast ğŸŒ„,ğŸ”º",AvaxPodcast,Host of the Avax Podcast; author of the Crypto Reading List (https://t.co/wSPjKnHk3X); @AVenturesDAO; holder of too many NFTs.
Avax Frogs FPC ğŸ”ºğŸ¸,AvaxFrogsFPC,"10,000 Avax Frogs. Mint is live on 4/20. Stake your Frog and earn $SPAWN to enter the weekly lotteries!"
Avalanche News,news_avax,"Avax News by @DefiDirect 
- @news_of_bsc + @SolanaNews + @News_ETH + more 

Avalanche & DeFi Latest News, Features & Analysis"
ğŸ”ºğ‘ƒğ‘–ğ‘ğ‘â„ğ‘œğ‘’.ğ™–ğ™«ğ™–ğ™­ ğŸ©¸ğŸ—¡,0xKINGGoD,Creator of Avax #Kuzaclan ğŸ—¡ğŸ©¸ #NegroBeeple //// 1of1 artist/// #avax ğŸ…±ï¸// SM Manager for BalloonTown ğŸˆğŸ§¸.. https://t.co/IpzKdpCgV7
AVAX TREEZ ğŸ”º,AvaxTreezNFT,"Avax Treez 10,000 Wild Apple Treez Created by the Gods of the Crypto Realm. #AVAX #Avalanche TG: https://t.co/q1qTYYZzaZ Join Us: https://t.co/AVdoDFOWYJ"
Avalanche Gas Custom Price Notifier Bot,AvaxGas,"1) Follow
2) Turn on notifications
3) Bot will DM you
4) Reply with maximum AVAX gas price you want to be alerted
5) Bot will DM you when gas is below your max"
Avax Sniper,AvaxSniper,Just Avalanche Project - #AVAX Hunter - #AVAX Giveaways - #AVAX NFTs - Avax Supporter - Dm me For Collab ğŸ“¥
Avax Machina,AvaxMachina,"2,222 Avax Machinas on Avalanche via @GetKalao

The first NFT project from @AvaxNFTs

MINTING PAGE - https://t.co/RzTKKe49Vt

https://t.co/t5aiLavqDT"
CamiloğŸ”ºIn Avax We Trust,camilogrowth,"Chief Marketing Officer & Co-founder @AvaxHusky â€” NFT, Web3 & Growth Marketing/Hacking enthusiast â€” In Avax We TrustğŸ”º"
LINKğŸ”ºAVAX,LINKxAVAX,â›“ LINK ğŸ”º AVAX ğŸšœ JOE ğŸµ BAYC ğŸ”® SUPERGUCCI
Avax Ghost NFT GameğŸ”º(Phase1 SOLD OUT-Phase2 LIVE),AvaxGhost,"Avax Ghost is a decentralized play-to-earn game adventure.

https://t.co/2y6QLhA5sk"
Avax Signal,avaxsignal,"Turn on post notifications. Most active supporters of the channel may receive awesome NFTs, swag, and AVAX giveaways."
AVAX UBIğŸ”ºï¸ (Universal Basic Income),avaxubi,AVAX UBI is a charitable social experiment featuring a daily guaranteed income for underserved people in the avax community.
ChadB.AvaxğŸ”º,ChdMck,Exploring Avalanche Blockchain Projects | Community Builder | Been trucking sense 2011 | Founder of Avax Trucking ğŸšš | Degen Yeti Ski Club DAO ğŸ¿
AVAX Bros NFT ğŸ”º,AVAXBros,A collection of 2000 unique and randomly generated AVAX Bros #AVAX
StephAVAX13 ğŸ”º,steph_p13,Wannabe Hooper & owner of Avax Ape #1802.
Giuseppe Avax Farm ğŸ”ºğŸ¦€ .avax,AvaxFarm,Avax Farm runs Avalanche Nodes in enterprise architecture fully monitored to ensure performance and uptime for delegators. Delegate your Avax with confidence.
KaraStar | Gamefi 2.0,karastargamefi,"A Play & Earn Metaverse game on GameFi 2.0-based ecosystem

Bloomberg, Yahoo Finance, Market Watch and Nasdaq reporting
Telegram : https://t.co/DljUKaVhJI"
CheersLandğŸ»#GameFi | Hiring!,cheers_land,"A scalable GameFi Metaverse Aggregator where anyone can monetize their gaming experiences and social networks | $CHEERS
Official TG: https://t.co/704bsUz5kd"
ğŸ‡ºğŸ‡¦ GameFi Drops - StandWithUkraineğŸ‡ºğŸ‡¦,GameFiDrops,"The Gamefi community helps players, games, and guilds to develop the Gamefiverse | Play-to-Earn projects, Blockchain #NFT Games #INO #IGO events are all hereğŸš€"
Gamefi Army,gamefiarmy,"A gaming community driven by effective and profitable ""Play to Earn"" and investment strategies in the GameFi Industry"
GameFi_Research_Lab,GameFi_Re_Lab,GameFi Research Lab ( #Blockchainã€#Gamefiã€#IDOã€#AMAã€#Airdropã€#Play2Earnã€#NFTã€Top #Crypto gamefi project news ã€community  and analysisã€Project Promotion.)
GamefiProtocol,GamefiProtocol,GameFi Protocol is the first GameFi aggregation protocol that advocates F2P2E (Free to Play to Earn)
GameFi Study Club,Gamefi_club,"A club focus on GameFi's learning and sharing. GameFi market project news, research measurement, news, events and so on!
Telegram:https://t.co/uMfusRzdHJâ€¦"
GameFi Crossing | $XYA,GameFiCrossing,"The official Twitter account of GameFi Crossing ($XYA), an HRC-20 token on the Harmony blockchain centered around gamified NFTs and decentralized applications."
MetaCombine: Connecting GameFi,MetaCombine,"The LinkedIn of GameFi: MetaCombine is an all-in-one hub that will seamlessly connect the GameFi ecosystem.

Developed by Nova Guild Games"
Maze_VR_GameFi,MazeMetaverse,"The best VR GameFi in 2022.

https://t.co/G0pFWmiCQh
https://t.co/d0NYbyOu30
youtube@Maze_VR_GameFi

#VRgame  #GameFi  #Metaverse  #NFT"
PAPA DAOğŸ”º| Backing #Metaverse and #GAMEFI,PapaDAOofficial,Big believer in Metaverse & GameFi Projects.
Gamefi Chill,Gamefi_Chill,"GameFi Chill where you can earn crypto while gaming. 
#NFTGaming #P2E #M2E. TG: https://t.co/QxE8DkL1BD
For business proposal, contact: https://t.co/Dbuz0P0nzH"
GameFi Asia,gamefiasia,"A 4-day hybrid GameFi experience for builders, enthusiasts, guilds & KOLs ğŸ‘¾  Proudly brought to you by @SaladVentures and @metajamasia ğŸŒŸ
ğŸ—“18 - 21 July 2022"
GameFi Daily,daily_gamefi,"ğŸ® Discover, research & review quality GameFi projects.
ğŸ¤–ï¸ DM for business/collab inquiry.
ğŸŒµ #GameFi #Metaverse #P2E"
Weaponized Countries âš”ï¸ GameFi,WCNFT,Weaponized Countries is a GameFi NFT collection on #Fantom of randomized countries featuring 500+ unique weapons and traits! Discord ğŸ“² https://t.co/vUMgJAHj6P
GameFi Guild,GamefiGuild,"The GMF Guild is a DAO that empowerÂ guild participants & connect more high-quality gamefi projects .
Play for free , earn through game.
https://t.co/2rcxDmdobA"
GamefiAcademy.eth | SLParmy | VISarmy,GameFiAcademy,Gamefi and Defi education | Bullish on Play to Earn
Pumpkitten (ğŸƒğŸ±) GameFi NFTs of Fantom,Pumpkittens,The First Revenue Sharing NFTs! First GameFi on FTM with NFT farming. Join discord ğŸ‘‰ https://t.co/cW4jOcVlQV. Built by @BloqBall
DIF GameFi,difgamefi,"DIF GameFI is a community discovering and investing in blockchain game

Enjoy the game while earning money with us

#difgamefi #ntf #gamefi
Tele: https://t.co/MoBLH5RYzO"
PocketPals | PTE GameFi on Fantom,PocketPalsNFT,"ğŸ‘¾ Collect, Battle, and Earn! ğŸ‘¾ NFT GameFi Coming To $FTM Â¤ Join Our Discord! https://t.co/s2gM8wIBJd Â¤"
"FxBox - Crypto & Forex GameFi, NFTs",FxBox_io,"Swap, Stake, Mine, Farming and Trading - FxBox is revolutionising the GameFi space by gamifying Financial Trading"
BOSSGamefi,Bossgamecn,Boss game is a diversified aggregation platform based on bep-20 intelligent chainEcological development gamefi NFT Swap Ecological construction in progress
Gamefi Street,Gamefi_Street,"GameFi Street where you can earn crypto while gaming. 
#NFT #NFTGaming #P2E #Metaverse.
ğŸ¤For business proposal, contact: https://t.co/2ciUfVmIAH"
MetaHero,MetaheroGamefi,"#MetaHero is a classic and unique #TowerDefense gamefi based on #BSC
Web: https://t.co/p9gk4Sy6KK
Tg: https://t.co/FUIcAC33JU
Discord: https://t.co/QCuKM60568"
GameFi.Fund,GameFi_Fund,"We are a cutting edge blockchain capital, focusing on GameFi and NFT, if you are startup in Metaverse, please send your business plan to: bp@gamefi.fund"
GamefiDAO.eth,gamefidao,Founder of Gamefi DAO
BNBRagnarok | GameFi Three-type Earning,bnbragnarok,"First NFT GameFi Three-type Earning | Hold, Play and Earn up to 398,295% with Fixed. Get a 5% reward in $ZENY from a referral. https://t.co/S8VvGcjVxY"
Stray Inu GameFi,STRAYINU_GameFi,StrayInu's GameFi Account
ONE Quantum Universe | NFTâ€™s & GameFi,qntmverse,ğŸ”œSpiritual Based Crypto-CommunityğŸŒ ğŸ”®Integrating the QNTM Universe with ONE ğŸ’Ÿ Animated NFTs on ERC-721 & QNTM GameFi ğŸ‘½
ARCADE Crosschain GameFi Exchange,arcadegamefi,ARCADE is a dedicated cross-chain launchpad and infrastructure for incredible GameFi projects.
Emerging GameFi on Defrontier ğŸ¿ï¸,DefrontierNet,"Emerging GameFi ğŸ‘‰ Visit https://t.co/6qoHK36mSa ğŸ¿ï¸ 

Built by @brimlesslab | Telegram https://t.co/Hl9hb5lqbO | Discord https://t.co/XdxSOhFjQk"
rimau.eth | 0xlokal.lens | Exploring GameFi,0xLokal,"GameFi Enthusiast. Part time degen. Looking for Analyst role in GameFi. 

 âœ¨SiswAxie Micro-Guild Leader âœ¨ 26 ğŸ§‘â€ğŸ’» âœ¨"
CORSAIR,CORSAIR,The leading source for PC components and gaming hardware since '94. Need support? Send a DM to @CorsairSupport or visit: https://t.co/S4ASPtXs6s
Mike Rufail,hastr0,"Father, Husband, Brother, Son. Co-Owner and Chief Gaming Officer @OpTic @OpTicTexas @DallasFuel #esports"
ASTRO Gaming,ASTROGaming,"The ASTRO crew shares our favorite news about gaming products, lifestyle, and esports. // @thecollective // @ASTROTR // #ASTROFamily"
Facebook Gaming,FacebookGaming,Watch and discover gaming videos at https://t.co/TCJKRlwl9Q. To go live on Facebook visit https://t.co/cNP9V6ohLd. Support for Level Up: https://t.co/8UpTpE6sww
Boyd Gaming Corp,boydgaming,"Visit the official website of the Boyd Gaming Corporation. Boyd Gaming operates 28 gaming entertainment properties in NV, IL, IN, IA, KS, LA, MS, MO, OH, & PA."
Green Man Gaming,GreenManGaming,Weâ€™re your single destination for everything gaming - shop | community | blog | games publisher | official partner of 1200+ devs and publishers.
VICI Gaming,VICI,"VICI Gaming is one of the Top professional esports organizations in China. Conquering since 2012. VENI, VIDI, VICI! VGç”µå­ç«æŠ€ä¿±ä¹éƒ¨ [ #VGFighting #VGWIN ]"
CORSAIR Support,CorsairSupport,"The official support account for the leading source for PC components and gaming hardware since '94, CORSAIR. 

https://t.co/S4ASPtXs6s"
Retro Gaming Expo,RetroGamingExpo,The Retro Gaming Expo is an annual convention in Portland Oregon paying tribute to the video games of yesterday.
AGCO,Ont_AGCO,Alcohol & Gaming Commission of Ontario. We monitor this account & tweet Mon-Fri 9AM-5PM. FR: @Ont_CAJO. Terms: https://t.co/TGf0it8V36
National Indian Gaming Commission,NIGCgov,The mission of the NIGC is to effectively monitor and participate in the regulation of Indian gaming pursuant to the Indian Gaming Regulatory Act (IGRA).
Warchief Gaming,Warchief,A development studio and tabletop gaming club by @ChrisMetzen. PR Contact: PR(at)https://t.co/mVR1ZzpyuB.
Twitter Gaming,TwitterGaming,HAGS (have a gaming summer)! she/her.
GamingBolt,GamingBoltTweet,We are one of the most frequently updated sources of gaming news on the internet. We cover everything from gaming consoles to handhelds.
AMD Gaming,AMDGaming,"Dedicated to gamers, esports, developers & the gaming industry for the best possible PC gaming experience."
Inside Gaming,InsideGaming,Weekly gaming news and videos!
Meta Quest Gaming,MetaQuestGaming,"New handle, who dis?

Oculus Gaming  ğŸ‘‰  Meta Quest Gaming"
Intel Gaming,IntelGaming,"Official Intel Gaming Handle | News on Products, Events, Contests & Deals"
UFO Gaming,TheUFOtoken,ğŸ›¸ UFO Gaming ($UFO) is a fully decentralized inter-galactic social gaming token. Blockchain. P2E. Metaverse. NFT. Gaming. Virtual Land. IDO. All in one place.
Engadget Gaming,engadgetgaming,The latest gaming news straight from @Engadget
PGCB,PAGamingControl,The Pennsylvania Gaming Control Board regulates all aspects of the Commonwealthâ€™s casino industry.
G FUELÂ® Gaming,GFUELesports,The Official Gaming Hub of @GFuelEnergy & The #GSQUAD | #GFUELClips | Stream Updates | Gaming News
Tribe Gaming,TribeGaming,Mobile gaming esports and content organization. The biggest creators & best teams in mobile gaming. Welcome to the Tribe! #FEARTHETRIBE
Walmart Canada Gaming,WalmartCAGaming,The official Twitter of Walmart Canada Gaming. Follow us for the latest Walmart gaming deals and news! | For customer service please message @WalmartCanada.
SXSW Gaming,SXSWGaming,March 2020 â€” The SXSW Gaming Expo is the nexus of gaming culture at the legendary SXSW Conference and Festivals.
Penn National Gaming,PNGamingInc,Penn National Gaming is North America's largest regional gaming operator.
Gaming Nexus,GamingNexus,"Established in 1997, Gaming Nexus is an ad-free site, writing honest video game reviews and covering industry news."
HTC Gaming,htcgaming,This account is no longer active. Follow @HTCVive for up-to-date information on #VR gaming announcements and collaborations!
EPOS Gaming,eposaudiogaming,"Headsets designed to provide that ultimate gaming experience.
#ThePowerofAudio"
Invictus Gaming â¡ï¸ ALGS ChampionshipğŸ‡¬ğŸ‡§âœˆï¸ğŸ‡ºğŸ‡¸ğŸ®ğŸ¥‡,invgaming,"Invictus Gaming Official Twitter Account #iGWIN
ğŸ†2012 #Dota2 TI
ğŸ†2018 #LoL Worlds

Follow us on our social media ğŸ‘‡"
AGON by AOC,AOC_Gaming,"Everything you need to complete your gaming universe. Welcome to AGON by AOC.

https://t.co/CIEAsnPHR8"
Latinx in Gaming,LatinosinGaming,"@thegameawards Global Gaming Citizens
501c3 increasing #latinx representation across the Gaming Industry. Discord: https://t.co/Uwo2eTDmbo contact@latinxingaming.com"
Galadon Gaming,GaladonGaming,Mobile gaming content creator- 1.9M amazing YouTube subscribers. #GALAFAM #Galacoin $NWBO
Lex,LexMobileGaming,"Gaming enthusiast and creator.

Code Lex: https://t.co/VDgVIlMSoT

Content Creator for @tribegaming"
NGON,NGONGaming,NGON is a community made by the folks at Uplay PC; a home for PC gaming and the geek culture that comes with it.
Predator Gaming,PredatorGaming,"The official handle of #PredatorGaming.
Experience a showcase of modern gaming and discover that power, #ItLiesWithin you."
Engine Gaming & Media (Nasdaq: GAME),EngineMedia,"Engine Gaming & Media provides premium social sports and esports gaming experiences, as well as unparalleled data analytics, marketing, advertising solutions."
LootGamingHQ,LootGamingHQ,"Loot Gaming is a monthly mystery subscription service. Collectibles, apparel, gear & inclusion into an epic gaming community! Support - https://t.co/MsVCiAwI7W or @AskLoot"
Hooga Gaming | Claim Your ğŸŒ,HoogaGaming,Hooga Gaming aims to be the pioneer and leader of Web3 Gaming and its ecosystem. We have the best gaming apes in the jungle ğŸ®ğŸ¦
Herman Miller Gaming,HMGaming,"Advanced gaming gear, engineered to unlock peak performance. #hmgaming @hermanmiller"
UniX Gaming,UniXGamingGuild,"1ï¸âƒ£ Web 3.0 Gaming platform
74M AUM ğŸ“ˆ / 200k ğŸ•¹ Daily Active User
ğŸ¦¾ 27M Streams ğŸ¦¾ 2 Launchpads
16k+ NFTs, 100+ Land 45+ Games
ğŸª Sandbox ğŸª Azur Games"
LevelCap,LevelCapGaming,"Welcome to the Official LevelCapGaming Twitter. Follow me on Twitter for 1440P FPS Gaming Tips, Tricks, Gun Reviews, News, Commentaries and more!"
Predator Gaming USA,Predator_USA,"Official U.S. handle for #PredatorGaming.
Experience a showcase of modern gaming and discover that power, #ItLiesWithin you."
Overtime Gaming,OvertimeGG,"Overtime x @Vuirn, official account of @Overtime's gaming team."
Chito Gaming,ChitoGaminYT,Powered by @glytchenergy | follow for restock news | Gaming news| As an Amazon Associate I earn from qualifying purchases
Wyrmwood ğŸ²,WyrmwoodGaming,"Finely Crafted Gaming Furniture and Tabletop Accessories.                 
                                             
Questions -
sales@wyrmwoodgaming.com"
"SupplyNinja â€¢ Gaming Discounts, PS5 & Xbox Restock",SupplyNinja,"ğŸ¥·ğŸ½ Gaming & Tech Deals, News & Restocks

â†—ï¸ HIT that Follow Button & the ğŸ”” beside it!

ğŸ“° Seen in @Forbes, @CBSnews, & more!
ğŸ“¦ I earn from affiliate links"
Windows Central Gaming,WCGamingTweets,All @WindowsCentral PC/Xbox gaming coverage! | Business ğŸ“§: @JezCorden | ğŸ“¹ https://t.co/7XKqeKRJqCâ€¦ | Part of @FuturePLC
BCC Gaming,BCCgaming,"BCC Gaming - 10,000,000+ Subscribers on Youtube! Entertaining millions of people, every day!"
GamingBits,gamingbits,For your itchy gaming finger!
Neebs Gaming,NeebsOfficial,The greatest gaming channel on YouTube #WorldPeace
CDEC Gaming,CDECgaming,CDEC Gaming Fan Group: 240494859
Combat,CombatGaming,"A gaming collective for celebrities, athletes, creators & you. ğ™€ğ™«ğ™šğ™§ğ™®ğ™¤ğ™£ğ™š'ğ™¨ ğ™– ğ™œğ™–ğ™¢ğ™šğ™§."
iLL Gaming,Illgaming,"India's biggest gaming site. Gaming, the iLL way"
Scan Pro Gaming,ScanGaming,"Welcome to Scan Pro Gaming, a hub to see the latest gaming and technology news! See @ScanComputers for our main channel."
Gaming Memories,GreenScreenDays,"Gaming from back then to the present.
Contact GreenScreenDays@Hotmail.com
(Profile Pic - Abe's Oddysee) Mature account not suitable for children. #RetroGaming"
Air Force Gaming,AirForceGaming,"The official Twitter of Air Force Gaming, the Department of the @USAirForce's home for gaming and esports. Following, RT's and links â‰  endorsements. #FlyGameWin"
Gaming In Asia,GamingInAsia,"ğŸ‡¯ğŸ‡µğŸ‡°ğŸ‡·ğŸ‡¨ğŸ‡³ğŸ‡¹ğŸ‡­ğŸ‡²ğŸ‡¾ğŸ‡µğŸ‡­ğŸ‡±ğŸ‡¦ 
Gaming in Asia - gaming news in Asia  - Asia based 

Translator coordinator for #Dota2 Arcade games
SFM 3D Animator
#GamingInAsia"
Solana,solana,"The worldâ€™s most performant blockchain  â— Fast, composable, green, and globally distributed.  Join thousands of developers in building the future of web3."
Cardano Community,Cardano,A decentralized blockchain based on peer-reviewed research and highly secure Haskell coding language | managed by: @CardanoStiftung | Join: https://t.co/ylJYfRcKTx
Flow,flow_blockchain,"Ecofriendly blockchain designed for Web3 apps without compromising UX, like @nbatopshot & @NFLAllDay. Let's build the open Metaverse ğŸŒ | https://t.co/tOAaZeYInw"
Partisia Blockchain,partisiampc,"Partisia Blockchain is a Layer 1 Blockchain solving the extended Blockchain Trilemma with ZK privacy, sharding for scalability, and #MPC collateralized bridge."
Velas,VelasBlockchain,Velas is the world's fastest EVM Blockchain and Ecosystem for smart contracts and dApps I Crypto Valley Top 23 Blockchain Firm | Ferrari Premium Partner
TON,ton_blockchain,"Inherited from Telegram, the TON blockchain was designed to onboard billions of users. It boasts ultra-fast transactions, low fees, and easy-to-use native apps."
IBM Blockchain and Supply Chain,IBMBlockchain,Blockchain and AI expertise for smarter supply chains and resilient businesses. DMs are open.
Blockchain at Berkeley,CalBlockchain,"Student-run organization at UC Berkeley focused on blockchain innovation via education, research, and consulting. Established 2016."
Bird oN Blockchain,birdoncrypto,Crypto and blockchain supporter
Blockchain Cuties Universe | Collectible #NFT Game,BlockchainCutie,"The cutest and fun to play #NFT #blockchain game. Runs on ETH, TRON, NEO, Polygon, EOS, HECO + all browsers and devices. â¡ï¸ Play Blockchain Cuties Universe now!"
Vexanium Blockchain Foundation,vexanium,Vexanium is The Next Generation Blockchain for Mass Adoption | @vexaniumid | telegram: https://t.co/EUe09ShSjU (ğŸ‡®ğŸ‡©) https://t.co/B9Q9TOK4YH (ğŸ‡¬ğŸ‡§)
LA Blockchain Summit,LABlockchainSmt,"L.A. Blockchain Summit is the premier blockchain technology and investment conference in the US. November 1-3, 2022 #LABlockchainSummit"
Flowverse ğŸŒŠ - Discover Flow Blockchain,flowverse_,"Discover @flow_blockchain projects and $FLOW NFT drops at https://t.co/ek6B74bSd4.

Follow for Flow Blockchain news, infographics and opportunities.

https://t.co/mKdWjQHSyu"
BEN,BlockchainEdu,"Unbiased blockchain and crypto education, analyses, reports, chatrooms, videos, courses, tutorials and more! Established 2014."
CRYPTO BOBBY BUY #TheBlockchainOracle ğŸğŸ³ğŸ¸ğŸ½ğŸ,BOBBYBUYCALLS,"The Oracle of The Blockchain

TelegramğŸŸ¢: https://t.co/LWUtBsGV9Q

CRYPTO MARKETING ğŸ“ˆ #PROMO ğŸ“¥ #BTC #ETH #BSC #NFT #CRYPTO #SOLANA #BAYC $APE"
Riot Blockchain Inc.,RiotBlockchain,"$RIOT Blockchain, Inc. is a #Bitcoin only mining company, supporting the Bitcoin blockchain through industrial scale mining in the US."
Blockchain Brawlersâ„¢,bc_brawlers,"Blockchain Brawlersâ„¢ on the @wax_io Blockchain. The rowdiest #PlayAndOwn game in the #metaverse. #GameFi $BRWL $WAXP

Official Discord: https://t.co/1358Lv5G3t"
"Francisco ""Huntahâ„¢"" - NFTs , Crypto & Blockchain",TheGameHuntah,"Host/caster esports ğŸ‡¨ğŸ‡±ğŸ‡ºğŸ‡¸ |  NFTs, Crypto & Blockchain ğŸ’°| Mkt Manager @BHBitverse | @thecoinhuntah 2nd tweet| La UğŸ’™| NFT Influencer
thegamehuntah@gmail.com"
Stanford Blockchain Club,StanfordCrypto,"The Stanford Blockchain Club is Stanford Universityâ€™s official student group for everything blockchain, cryptoeconomics, and cryptocurrency."
"The Blockchain Socialist (â¬›,ğŸŸ¥,â¬›)",TBSocialist,I blog and podcast about blockchain and the left | Patreon: https://t.co/xFUiBSmPRK | Podcast: https://t.co/aKnuqOcGNi | Mirror: https://t.co/RkJdOduitx | @breadchain_ | @_cryptofutures
Paris Blockchain Week Summit,PBWSummit,Paris Blockchain Week Summit - The flagship event of @ParisBlockWeek @parisnft_day ğŸ‘‰ #PalaisBrongniart - April 13th-14th 2022
H I V E,HiveBlockchain,HIVE Blockchain Technologies | 1st publicly listed blockchain company mining #BTC and #ETH using 100% green energy | #ESG | NASDAQ: $HIVE
Blockchain Australia,BlockchainAUS,Australiaâ€™s Peak Industry Body for businesses implementing or evaluating blockchain or distributed ledger technology.
Gavin,BlockchainGavin,Day Trader. Blockchain Enthusiast. Check out my YouTube channel for weekly NFT related content. @AzerothAlpha | @ArcaneTools | No Paid Promo
ğŸ’§Michael Q Todd â›³ IOTA FAN l GOLFER l DREAMER,michaelqtodd,"ğŸŒ± 
Lawyer in New Zealand, Australia & Japan
Found crypto & blockchain in 2011. #IOTA in 2015
Links pinned 
Building @GolfingCoin
Likes trees #NFTs $SOON
 â›³  ğŸŒ±"
Ã¦ternity blockchain,aeternity,"Ã¦ternity is a scalable blockchain platform that enables high-speed transacting, purely-functional smart contracts, and decentralized oracles. Coded in Erlang."
Harvard Law Blockchain & FinTech Initiative,HarvardLawBFI,The first student organization dedicated to growing the @Harvard_Law blockchain and FinTech community. Est. 2018.
Wanxiang Blockchain,WXblockchain,Wanxiang Blockchain is dedicated to building an open platform and offering resources to develop blockchain and promote its application in different industries.
EU Blockchain,EUBlockchain,"Twitter account of the EU Blockchain Observatory & Forum. Visit https://t.co/RbOyN23Jff. 
Posts and retweets do not represent the views of the European Commission."
Joshua Ashley Klayman,josh_blockchain,"aka ""Mother of Blockchains.""
Blockchain & Finance Deal Lawyer.  Never legal or investment advice. Views are mine personally, not necessarily anyone else's."
Blockchain Founders Fund,BlockchainFF,Blockchain Founders Fund (BFF) is a Singapore based early-stage Venture Capital Fund which invests in top-tier Blockchain startups globally.
The Stanford Center for Blockchain Research,CBRStanford,The Center for Blockchain Research (CBR) is a focused research effort on crypto-currencies and blockchain technologies.
Penn Blockchain,PennBlockchain,Student-run blockchain organization at the University of Pennsylvania
Blockchain for Europe,BlockchainforEU,"Innovation - Integrity - Empowerment #BlockchainforEU
Blockchain for Europe represents international industry players at EU-level."
Kelly Peters: BE+Blockchain4sustainability,KellyBEworks,Launching NewCo that combines insights from behavioral science with blockchain tech to help aspirational leaders achieve their sustainability goals.
Bitcoin Events,BlockchainZA,"Crypto Fest: 30 Sept 2022 | Cape Town & Virtual
Blockchain Africa Conference: 16-17 Mar 2023 | Johannesburg"
Blockchain Gaming,BlockchainGames,Your best source of information about video games using blockchain technology!
Blockchain Capital Partners,Blockchain_C,Blockchain Capital Partners is a proprietary fund; started mid 2017
Blockchain R.I.,blockchainRI,"Helping organizations navigate, accelerate, and lead the blockchain revolution."
Korea Blockchain Week,kbwofficial,"Korea Blockchain Week is Asiaâ€™s largest blockchain festival powered by FACTBLOCK. August 7-14, 2022. #KBW2022"
European Blockchain Convention #EBC22,EBlockchainCon,"The most influential Blockchain event in Europe Â· Join us in Barcelona on 26-28 June, 2022 Â· We are back in town!"
"MarQuis Trill | Crypto, NFT & Blockchain Analyst",6BillionPeople,"Cryptocurrency + NFT + Blockchain Educator, Investor & Trader. CEO of @altcoincon @blkblockchain @myhardwallet @wealthhumans Join my community today | Click â¬‡ï¸"
Steve - Ballers Blockchain,BlockchainSteve,Community Team @nbatopshot. Dad. Aussie. ğŸ¥ Ballers Blockchain on YouTube
The Blockchain Media | We are hiring!,THECHAINMEDIA,The #1 Platform For Original & Daily Blockchain Analyses. Top 50 Most Influential (Lunar Crush). 6M+ Investors Reached Monthly. See more: https://t.co/vWxgLYdTTv
Blockchain Expo,Blockchain_Expo,"Analysing the potential of blockchain capabilities. Upcoming events in Silicon Valley, London & Amsterdam. 

#BlockchainExpo"
"NFT, Blockchain & Crypto Currency News",mabling,"Developer, IT professional and blockchain enthuasist - Register and get: https://t.co/NnnsBXwpYm"
Rust in Blockchain,rust_blockchain,Have fun with Rust in Blockchain â¤ï¸ https://t.co/iq2ns7MkK6 ğŸ¦€ï¸ r/rustinblockchain
Blockchain Gaming News,GamingOnChain,Sharing Gaming News || Blockchain || Web3 || NFT || PC || Mobile || Console
CrypCade | MetaVerse on Blockchain,CrypCade,"CRYPCADE - Functional Fullstack Open Entertainment Metaverse on Blockchain 

#Gaming and #Social #Metaverse

https://t.co/WL2zeEnfLo 

ARcade App 

#NFT #Web3 #Crypto"
Advanced Blockchain,BlockchainAG,The first blockchain company to be listed on the Xetra (Frankfurt) Stock Exchange. | ISIN: DE000A0M93V6
Inery Blockchain,IneryBlockchain,Inery is the first-ever decentralized database management and blockchain solution   $INR
Berkeley Blockchain Xcelerator,Xcelerator,Official feed for Berkeley Blockchain Xcelerator at UC Berkeley. #GoBears
Blockchain Association of Uganda (BAU),blockchainug,BAU is a membership based organization in Uganda comprising various professionals working with blockchain technology and its different applications
Blockchain Economy,BEconomy_HQ,The Largest Blockchain Conference Network in the World ğŸŒ Next events: 27-28 July 2022 ğŸ“Istanbul ğŸŸ¢ 4-5 October 2022ğŸ“Dubai
Big Data & Blockchain,BigData_,Big data meets the Blockchain
UZH Blockchain Center,uzh_blockchain,The account with the updates of the  Blockchain Center of the University of Zurich
The Blockchain Baron.ethâ„¢ğŸ·,TheBlockBaron,"Practical crypto information to create more Blockchain Barons. I simply share my insights. Notitia magnus, opes magnus."
World Blockchain Summit,TresconWBS,"World's Biggest Blockchain Summit Series. 

Keynotes + Panel Discussions + Pitch Competitions + Investors + Governments.

 Follow here for live updates!"
Asia Blockchain Summit | ğŸš€ VIDEO ON DEMAND,aba_summit,Learn how large companies are adopting blockchain today and why it will transform jobs in the years ahead #online at https://t.co/aTMB34w3ps
Binance NFT,TheBinanceNFT,"@Binance #NFT Marketplace
The one-stop for NFT ğŸ–¼ï¸ â¬‡ï¸"
Suga Squad,SugaSquadNFT,The Official NFT collection of UFC superstar Suga Sean O'Malley @sugaseanmma
NFT Whale Alert,nftwhalealert,"NFT unusual high sale will be listed here. DM for listing or collab.

NFT Mint Alert (Free Trial): https://t.co/1oTT745tlNâ€¦

Disclosure: Pinned tweet ğŸ”€ WL"
NFTNick.eth,allnick,"Helping collectors find the next big NFT.
ğŸ–¼ï¸ Buy our NFT https://t.co/wytM9ttcmQ"
Rarity Sniper,RaritySniperNFT,"The #1 source for NFT Rarity. 1700+ verified collection rankings on #Ethereum, #Solana & more! Fill the form to get listed with us: https://t.co/kpTDqdrTor"
rÃ n Crypto & NFT âš¡,ranpromoter,"$BSC | $ETH | $SOL | $CRO | NFT | 100xSeeker | Diamond Hand | #NFT #Metaverse #Cronos #ETH #BSC      

Vouch: #ranpaid"
NFT Update,NFTupdate,NOT an influencer. NFT source since March 2021 ğŸ“ˆ Investor & OG ğŸ’ Turn on Notifications ğŸ”” Founded by @CaponeOfFamiliağŸ¦
NateAlex áƒšâšˆà·´âšˆáƒš,NateAlexNFT,"NFT addict
 
current: CMO (Chief Meme Officer) @secretproject
past: Cofounder @nft42_

created chainfaces and squigglyWTF

tweets are for entertainment only"
NFT.NYC,NFT_NYC,"https://t.co/S09sVdT6LQ brings the NFT community together in NYC for debates, talks, and workshops. June 20-23, 2022."
NFT Drop Your,nft_drop_here_,"Drop your #NFT
Share your NFT with all.
#Cryptocurrency Lover #Bitcoin #Dogecoin #Ethereum #Cardano #BNB #USDT #XRP #Solana #DOT #USDC #UNI #LTC #LINK #BCH ...."
BETTY,betty_nft,ğŸŒˆ Creative Producer | Feminist | NFT Collector | Horde Mother @Deadfellaz (she/her)
Solanart - Aggregating all Marketplaces,SolanartNFT,"The first ever NFT marketplace of Solana. Buy, Bid & Browse all Solana NFTs with unique instant liquidity features only on Solanart. https://t.co/mJhCUIyNH5"
xNFT NATE,NathanCRoth,CMO @jump_ | Top 50 CMO @Forbes | Top 25 CMO @BusinessInsider | Top 1 CMO @Mom | Top 5 NFT Collector @Yahoo | Top 30 under 30 alum | Scaled 5 unicorns | NFA
Crypto.com NFT,cryptocomnft,Own the culture you love. A leading NFT marketplace featuring exclusive collections from A-list creators.
NFT Rated,NftRated,"One of the top NFT Blogs - NFT Calendar ğŸ“…

List your NFTs: https://t.co/QvaPOlHA1Q ğŸ”¥

DM for promo ğŸ“©"
FANZO ğŸ§¢ NFT 365 (He/Him),iSocialFanz,"Buying an NFT 365 days HODL til 11.11.22: #Mint365 
Host @NFT365Podcast Top 25 Podcast #NFT365 
Digital Futurist + Speaker 
Creator $ADHD Social Token
#GirlDad"
Ghxsts | NFT Collectibles,Ghxsts,"a hand-drawn NFT Mythxlogy. Ghxsts, Demxns, Alixns and more. Created by @GxngYxngNFT and @JxnetNFT"
pssssd,ThePossessedNFT,We all have a dark side ||| What will yours look like? ||| An nft collection created by @tmw_buidls and @whatthefurr https://t.co/UASoi2DXpB
Otto Suwen,OttoSuwenNFT,"Gaming NFT enthusiast. No paid promo. 

Please DM this account for advisory inquiries. (Specializing in tokenomics / game design)"
Michael,MichaelM_NFT,"#bitcoin #ethereum #nft | Business: michael@totaladvisory.com
Top ranked IOT/Fintech Influencer @Onalytica | NFT Promo's
Partnered with @BAWLSGuarana"
SkyVerse,SkyVerseNFT,Project SkyVerse aims to provide a Virtual Space to cross-bridge all NFT Communities @SkyWorldsNFT | OS: https://t.co/hBLonbLQkP
CryptoBatz,CryptoBatzNFT,Collectible NFT batz created in LA by @OzzyOsbourne & @SutterSystems Discord: https://t.co/c8bUinn1LN OS: https://t.co/7sgVfwn4gT
CryptoHasbulla NFT,Hasbulla_NFT,"Hasbulla's Official Profile & NFT Project. To become a member, buy a Crypto Hasbulla NFT on OpenSea. Discord link in bio. Inquires: info@hasbulla.com"
NFT Worlds,nftworldsNFT,"NFT Worlds is the most capable & flexible metaverse platform.
--
Learn more: https://t.co/e2XSvqyAsM
OpenSea: https://t.co/uhpFW6mOmo
Discord: https://t.co/ANwMg5wHIE
$WRLD"
Hyperspace | Solana NFT Marketplace & Aggregator,hyperspacexyz,"Solana NFT Bodega || NFT Marketplace, Aggregator, Launchpad, Portfolio Tracker, Realtime Floors ğŸ‘€ For More Alpha: https://t.co/E8Rxgaw1mr"
The NFT Gallery,DropYourNFT,Share your NFT with the community ğŸ”„
NFTGirl ğŸ–¼,NFTgirl,Host of #TheJoyofNFTs & @IYKYKShow ğŸ™ Sotheby's Featured Collector âœ¨ Follow to hear stories of how creators succeed in the NFT Space
Women and Weapons NFT,WomenandWeapons,NFT Art Collection Created by: @NFTSaraBaumann 5% of profits to charity Buy: https://t.co/9smPjg97h0 Community: https://t.co/A6A5yJxllU
Jorge NFT,jorgeamorin,NFT & ChillğŸ¥‡Social Media Agent & Web3 Marketing ğŸ””Win NFTs & Prizes daily | Business â” Hit myTG ğŸ“±#jorgeNFT #ETH #SOL #BNB #BTC #NFT
Manta,MantaNFT,NFT ğŸ’ OG since 2017 |ğŸ¦„ 1st ever Beeple |ğŸª¨ Etherrock #28 |ğŸŒ 31 NFT Worlds |ğŸŒ 143 Sandbox |ğŸŒ 60 Somnium Space | ğŸ–¼ï¸ 500+ artworks | Founder @artvatars
Artnome,artnome,Analyze your NFT collection for risk and create a free backup at https://t.co/cNwdgpJCBF
Niftydrops.io NFT DropsğŸ’§,niftydrops,ğŸ“² The first NFT Drops app and NFT CalendarğŸ’§ Helping NFT Collectors find NFT drops across all blockchains ğŸŒ & NFT Creators MARKET your NFT launches.
Leonidas.eth,LeonidasNFT,NFT Archaeologistï½œNFT Historyï½œHistory Museum: https://t.co/OfaIArDJ97ï½œSkull Museum: https://t.co/r1mesOfCEC
NFT Drops Calendar,NftDropsCal,"ğŸŒŸ The Most Selective NFT Calendar ğŸ“†
 NFT Drops Calendar | ğŸ’ Priceless insights about #NFTs
â°Drop Alerts ğŸ“°NFT News âœ¨Digital Art  ğŸ“ŠNFT Stats ğŸNFTGiveaways"
Never Fear Truth,JohnnyDeppNFT,NFT community for art & creativity by Johnny Depp; join the Discord to find out more.
NFT Marketing Partners,PartnersNFT,NFT Marketing Services & Consulting- #NFTs #NFTdrop #NFTGiveaway #NFTpromotor #NFTmarketing | Division of @waywestmedia
3Landers ğŸ‘€,3LandersNFT,A 10k art-focused community-driven NFT collection by: @3landboy & @NFTstubby. Powered by @0xstudio @evothecurator https://t.co/Cu0CT7bKDg ğŸ‘€
Plant vs Undead,vs_nft,"Plant vs Undead - Grow your NFT garden NOW!!!

Contract: 0x31471e0791fcdbe82fbf4c44943255e923f1b794

https://t.co/LWSwu19hMN
https://t.co/GRnTuhQyDZ"
Shavonne Wong âœ¨(NFT Asia/Bloom),shavonnewong_,"3D virtual model creator.
Forbes 30U30. AsNTM Photographer. Vogue's first NFT cover.
@NFTAsiaOfficial Co-Founder 
https://t.co/s6XY397n0N #LoveisLove"
PalmNFT,PalmNft,"A new NFT ecosystem for culture and creativity, built efficiently with Ethereum. Palm NFT Studio is a key contributor to the Palm network."
Artvisioná´ºá¶ áµ€,ArtvisionNFT,"Digital artist | Photographer | NFT artist | NFT collector | artvision.nftpro@gmail.com

Anna, art lover | https://t.co/DHaXNZMGrF 

cover @cryptopeng1"
SolSea Reborn - LIVE,SolSeaNFT,The All-in-one Solana NFT Marketplace. We build the universe around your ideas. More of you. More for you. https://t.co/CepojVNdBm
ShÅyu,SHOYU_NFT,Curated cultural commerce. The NFT platform you've been dreaming of. https://t.co/ZE8R78eMbb
CGAA ğŸ’« NFT/Crypto Influencer,Crypto_GA_Arena,NFT Enthusiast âœ¨ NFT Promoter #NFTShiller ğŸ‘‘ Helping Projects | Dm For Business ğŸ“© #BNB #ETH #Solana #Bitcoin #CNFT #NFT #AVAX ~ Discord PrivateğŸ’«
983.eth | Ù¡Ù¦Ù¤.eth ğŸ’ğŸŒ,DoloNFT,"NFT Degenerate, Community Builder, and Collector | Gambling on JPEGs and Magic Internet Money | NFA always DYOR | NFT Marketing @ElevateMAgency ğŸš€"
Cryptobro | NFT Promoter,AnbroNFT,ğŸ‰100% NFT Promoter TeamğŸ‰ ğŸ””| #NFT | #Promoter | #NFTGiveaway | #whitelist | #shilling | RT |ğŸ”¥ğŸš€#NFTProject | ğŸ“Œ @Abandons75 | Focus on NFT promotion
Moonsie NFT â€¢ á´— â€¢,Moonsie_NFT,3D Fully animated playable NFT ready for battle royale! | Art Director: @jazephua | Collab via @Moonsie_NFT & @MoonsieStudio only!
NFTHive.io,nfthiveio,"#NFT Marketplace on the $WAX Blockchain.

Find NFT Analytics, NFT Sets, Bulk Tools

Discord: https://t.co/l2rlsvPtn1

Telegram: https://t.co/RRIFv6SSbF"
Magic Mushroom Clubhouse,MushroomClubNFT,"The Best, First, NFT | We help YOU find your place in the NFT space | https://t.co/410rt9UATd |"
MagNFT,MagNft,"1st NFT Onchain Magazine 
24 Issues Published & Minted since 2019
MagNFT Historical Issue NFT Collection - Coming Soon
https://t.co/VaVgNlWIV1"
Treasureland,TreasurelandNFT,"A multichain platform for NFT issuance, trading, NFT collections and tailored in-shop services.

ğŸ”— https://t.co/lLRCWHTJ7V
â›°ï¸ https://t.co/oUKGpKNqOj"
KojisanNFT | JUICE TEAM,KojisanNFT,ğŸ’° @CryptoPanasArmy ğŸ’° | #PanasArmy ğŸš€ | @Juicegamingteam | NFT o NADA | Directos en Twitch y vÃ­deos diarios en YouTube ğŸš€ https://t.co/ExyNKkCrx6
NFT Calendar,nftcalendar,"ğŸ—“ The first NFT Calendar! 
ğŸ’§ High-profile #NFT releases and drops. 
ğŸ“Œ Submit your event to our website and get exposed to the community of 30,000 collectors!"
Trish â™•,NFT_ish,She/Her | WEB3\ NFT community building \ @pussyrrriot @TheVisitorsNFT @smilesss @ImpermanentID @nylacollection @toyboogers @duranduran @OBEYGIANT @koodosxyz
Charged Particles,DefiNft,"Now, every NFT can contain digital assets. What's in your NFT?"
DeanSteiner.eth,DeanSteinerNFT,NFT INFLUENCER | NFT COLLECTOR ğŸ˜‡ | DM me for promotion ğŸ“¥ Eth wallet domain: deansteiner.eth #Ethereum
icy.tools - NFT Tracking & Alerts,icy_tools,"we uncover trending NFTs, track floor prices, alerts & more @ https://t.co/sw3pHgUbZb 
join our discord: https://t.co/yLQAdTNaW1 
build with our NFT API: https://t.co/5aIP58mrmS"
Sparky âš¡ï¸,NFTSaraBaumann,"Iranian-American. Multimedia Artist from Dallas, Texas.â£ Creator of @womenandweapons NFT Collection.â£ â£ âš”ï¸"
Anderson,NFTAnderson,"#NFT Lover and #NFT Collector 
Leading NFT Marketplace

CONTACT ME FOR YOUR DESTINATION

DM for PROMOTION

#BNB #BTC #ETH"
NFT Culture,NFTCulture,"The intersection of NFT artists, collectors, technology, and markets. https://t.co/pUmnJ8QQyj"
AdamMcBride.eth ğŸ” NFT Archaeologist,adamamcbride,@rugradio HostğŸ™Throwback Thursday's 6pm EST ~ NFT APE book https://t.co/2hISSJCOT7 ğŸš€ Discord https://t.co/dwPVaY2cte ~ Podcast â¬‡
NFT.com,NFTcomofficial,"The true web3 community-driven NFT ecosystem.

Minting now."
DigitalEyesğŸ‘€,DigitalEyesNFT,"Solanaâ€™s first open NFT marketplace!
Creator Engagement: @DigitalEyesList"
NFTGallery âœ¨,NFTGalIery,"Community created to help collectors & artists find each other.

NFT GUIDES: https://t.co/jCYNHZMY2W

â€¢ Developed by @_Dcmat_, @_NicoSt_, @KisekiGraphs & @SantiCND"
M0NA,MuseumOfNFTArt,"M0NA is a virtual museum, incubator and much more, located in @cryptovoxels + @decentraland , showcasing NFT collectables and crypto art. Curated by @greekdx"
Steffy Moreno NFT,SteffyMorenoNFT,"Welcome to my official NFT Twitter page, you'll know everything about my NFTs! 
-
Bienvenido a mi pÃ¡gina oficial de NFT en Twitter, sabrÃ¡s todo sobre mis NFT!"
NFT Launchpad,NFTsSaga,"On A Mission To Empower Nft Artists
  ARTISTS OF THE WEEK  :-  ,@beefwalks,
,@Jacen_So_Lo,@iamnenad,@ThroneofDawn
Dm to get featuredğŸ“©"
Siblings,NFTSiblings,"We are digital investor siblings. 
NFT investor & collector education community. 

Join us: https://t.co/axX0e15DnD 
Starlings Avatars: @Starlingsxyz"
MICHAELA | ğŸ‡¦ğŸ‡ª 22.eth,michaela_nft,building web5 | Wannabe NFT educator & shitposter | big investooor and advisor | Mental Health Artist |
Crypto STIPH â€¢ NFT,GawsStiph,"Crypto Marketing & NFT Project Marketing Promoter. ğŸ‘‘ 

DM for promoğŸš€

â¡ï¸ Vouch: #TYstiph

$SOL #SOL $ETH $BTC #NFT #BNB"
Voxies,VoxiesNFT,"Insanely addictive, FREE-TO-PLAY, and deeply strategic turn-based tactics game that can be enhanced through playing with your owned Voxies from our NFT project."
SuperchiefGalleryNFT,SuperchiefNFT,"World's 1st IRL NFT Gallery - located in NYC & Los Angeles - Appointment only, please contact rsvp@superchiefgallerynft.com"
NFTBoxes,nftboxes,"NFT Monthly Subcription service founded by @Pranksy.
Join us on discord:
https://t.co/uOObzL4Vx9"
GOKU_NFT,goku_nft,artist. photographer. discord building + security. community manager. NFT advisor. art admirer. crypto. web3. $ETH | $SOL | $NEAR
NFT Protocol (NFT.org),NFT_Protocol,The decentralized NFT trading protocol. $NFT #NFT #DEX. About: https://t.co/OsDZnmGsWa. News: https://t.co/bAX4bvdBPt. Community: https://t.co/WMFr4mh5HV & https://t.co/WURTRUACzA.
RickyODonnell79 | NFTLions ğŸ¦ NFTLionCubs ğŸ¦ ğŸ¼,RickyODonnell79,"Cancer Survivor, Loving Dad, NFT Collector & Creator CEO & Founder RJDM Studios | https://t.co/H3MAGtH7N5 | #NFTLions | #NFTLionCubs | Entrepreneur | Speaker | NFT OG |"
